"Antibody","Control_mean","Control_SD","Control_n","LPS_mean","LPS_SD","LPS_n","Difference","Pct_change","Welch_t_statistic","Welch_t_pvalue","Welch_t_CI_lower","Welch_t_CI_upper","MannWhitney_pvalue","Permutation_pvalue","Hedges_g","Bootstrap_CI_lower","Bootstrap_CI_upper","Bayesian_prob_ctrl_greater"
"GABA",23.5473690340035,1.67650150036547,4,10.1091672386015,2.38307309195388,2,13.4382017954019,-57.0688036357547,7.14012247199359,0.0374680477449823,2.3710397144422,24.5053638763617,0.105192505120041,0.0666666666666667,5.72376907017516,10.7892166219163,16.0871869688876,0.99932
"GLUT",31.8792608741427,10.12358046173,4,36.6522020537228,6.35227716397889,2,-4.77294117958007,14.9719317471736,-0.705286408435763,0.526529415179043,-25.0878176579949,15.5419352988348,0.487453290364035,0.533333333333333,-0.409480986448093,-15.4632315021288,5.91734914296865,0.29469
