"Antibody","Comparison","Mean_1","SD_1","Mean_2","SD_2","Difference","Pct_diff","Paired_t_statistic","Paired_t_pvalue","Paired_t_CI_lower","Paired_t_CI_upper","Wilcoxon_pvalue","Cohens_d","N_pairs"
"GLUT","Microglia vs GLUT_terminals",31.8792608741427,10.12358046173,69.2754626811322,24.636396171741,-37.3962018069895,-53.9818867455571,-4.55104787018968,0.0198777885255069,-63.5465319434504,-11.2458716705285,0.100348246462291,-2.27552393509484,4
"GLUT","Microglia vs GABA_terminals",31.8792608741427,10.12358046173,27.5715853073429,14.809688306344,4.30767556679985,15.6236049497401,1.28179894105645,0.289997527558166,-6.38740753306935,15.0027586666691,0.361310428526179,0.640899470528225,4
"GLUT","Microglia vs Spine",31.8792608741427,10.12358046173,20.8259408940977,10.0365832069665,11.0533199800451,53.074768800375,5.07819778257227,0.0147505686420405,4.12633547929668,17.9803044807935,0.100348246462291,2.53909889128614,4
"GABA","Microglia vs GLUT_terminals",23.5473690340035,1.67650150036547,6.30229878006437,1.86500552238585,17.2450702539391,273.631429669587,15.4327223166623,0.000591040559636233,13.6888920899121,20.8012484179661,0.100348246462291,7.71636115833114,4
"GABA","Microglia vs GABA_terminals",23.5473690340035,1.67650150036547,258.548441273444,55.8770853647628,-235.001072239441,-90.8924730243879,-8.53842918748962,0.00337517907469441,-322.590753861664,-147.411390617217,0.100348246462291,-4.26921459374481,4
"GABA","Microglia vs Spine",23.5473690340035,1.67650150036547,10.0512089695407,1.91425177869078,13.4961600644627,134.273997340634,14.5296156598202,0.000706889640205147,10.5400732870649,16.4522468418605,0.100348246462291,7.26480782991012,4
