Test,Test_Statistic,Two_tailed_p,One_tailed_p,Recommended
Exact Permutation Test,Δ = 1.290,0.13333333333333333,0.06666666666666667,Yes - Gold standard
Mann-Whitney U,U = 8.0,0.13333333333333333,0.06666666666666667,Yes - Non-parametric
Welch's t-test,t = 5.515,0.005861350261530995,0.0029306751307654976,No - Anti-conservative with n=2
Student's t-test,t = 4.326,0.012393238740629175,0.006196619370314588,No - Anti-conservative with n=2
